system:time_start,p25,Median,IQR,Left date,Right date
"Jul 11, 2018",34.456,34.661,34.866,,
"Jul 20, 2018",27.705,27.827,27.949,,
"Jul 29, 2018",29.652,30.293,30.934,,
"Aug 7, 2018",27.283,27.591,27.921,,
"Aug 16, 2018",25.052,26.327,27.695,,
"Aug 25, 2018",25.804,27.397,29.248,,
"Sep 3, 2018",27.514,30.626,33.947,,
"Sep 12, 2018",25.456,30.292,34.584,,
"Sep 21, 2018",28.482,33.775,39.803,,
"Sep 30, 2018",34.663,40.918,47.018,,
"Oct 9, 2018",29.955,35.569,41.623,,
"Oct 18, 2018",33.536,39.061,45.48,,
"Oct 27, 2018",32.351,39.146,50.945,,
"Nov 5, 2018",29.776,35.296,47.823,,
"Nov 14, 2018",34.68,41.003,49.719,,
"Nov 23, 2018",35.211,40.997,47.473,,
"Dec 2, 2018",38.603,44.122,49.758,,
"Dec 11, 2018",36.682,40.685,45.459,,
"Dec 20, 2018",35.51,40.181,44.961,,
"Dec 29, 2018",31.7,35.731,39.974,,
"Jan 7, 2019",33.536,40.927,58.776,,
"Jan 16, 2019",32.679,38.519,45.467,,
"Jan 25, 2019",30.736,38.183,75.189,,
"Feb 3, 2019",31.349,37.949,48.092,,
"Feb 12, 2019",26.353,29.796,33.312,,
"Feb 21, 2019",18.514,24.356,32.129,,
"Mar 2, 2019",21.174,25.088,28.821,,
"Mar 11, 2019",27.031,31.999,37.072,,
"Mar 20, 2019",28.696,33.917,39.525,,
"Mar 29, 2019",36.425,41.069,46.019,,
"Apr 7, 2019",34.473,39.955,45.286,,
"Apr 16, 2019",34.695,43.037,50.085,,
"Apr 25, 2019",39.844,45.613,51.795,,
"May 4, 2019",37.853,43.262,50.631,,
"May 13, 2019",38.42,48.296,57.784,,
"May 22, 2019",36.828,43.479,51.404,,
"May 31, 2019",40.508,48.182,58.03,,
"Jun 9, 2019",51.248,58.388,68.424,,
"Jun 18, 2019",45.719,51.612,58.127,,
"Jun 27, 2019",48.359,56.032,65.858,,
"Jul 6, 2019",29.445,29.833,30.221,,
"Jul 15, 2019",28.444,30.788,33.338,,
"Jul 24, 2019",39.473,39.632,39.792,,
"Aug 2, 2019",27.399,29.617,31.952,,
"Aug 11, 2019",24.36,27.267,30.026,,
"Aug 20, 2019",27.366,30.242,32.823,,
"Aug 29, 2019",23.929,27.604,31.527,,
"Sep 7, 2019",21.785,24.495,27.275,,
"Sep 16, 2019",31.692,37.529,46.195,,
"Sep 25, 2019",30.196,30.286,30.377,,
"Oct 4, 2019",23.955,28.442,33.386,,
"Oct 13, 2019",23.65,27.803,32.108,,
"Oct 22, 2019",31.739,31.739,31.739,,
"Oct 31, 2019",24.342,27.518,30.982,,
"Nov 9, 2019",30.409,34.933,39.325,,
"Nov 18, 2019",27.883,31.81,36.394,,
"Nov 27, 2019",33.562,39.288,49.14,,
"Dec 6, 2019",32.054,36.074,40.544,,
"Dec 15, 2019",25.041,25.041,25.041,,
"Dec 24, 2019",32.926,35.824,38.927,,
"Jan 2, 2020",26.536,31.002,37.947,,
"Jan 11, 2020",29.278,32.723,36.359,,
"Jan 20, 2020",23.251,28.488,38.155,,
"Jan 29, 2020",26.545,31.148,36.565,,
"Feb 7, 2020",23.193,28.039,33.198,,
"Feb 15, 2020",,,,0,
"Feb 16, 2020",26.455,30.58,34.988,,
"Feb 25, 2020",20.519,23.29,26.15,,
"Mar 5, 2020",21.294,25.822,30.647,,
"Mar 14, 2020",16.772,24.339,32.138,,
"Mar 23, 2020",24.889,30.227,37.916,,
"Apr 1, 2020",22.394,27.902,34.017,,
"Apr 10, 2020",25.455,33.925,41.313,,
"Apr 19, 2020",33.465,40.15,47.348,,
"Apr 28, 2020",32.531,40.786,51.259,,
"May 7, 2020",29.498,34.775,40.766,,
"May 16, 2020",34.744,42.027,49.776,,
"May 25, 2020",35.635,42.012,49.899,,
"Jun 3, 2020",30.701,34.281,38.001,,
"Jun 12, 2020",28.6,32.522,36.515,,
"Jun 21, 2020",22.163,23.897,25.635,,
"Jun 30, 2020",37.824,39.305,40.786,,
"Jul 9, 2020",28.017,28.244,28.471,,
"Jul 18, 2020",27.314,29.304,31.693,,
"Jul 27, 2020",21.606,21.606,21.606,,
"Aug 5, 2020",27.494,30.439,33.873,,
"Aug 14, 2020",19.544,22.255,25.114,,
"Aug 23, 2020",20.172,22.718,25.267,,
"Sep 1, 2020",22.375,26.213,31.338,,
"Sep 10, 2020",28.661,31.824,35.32,,
"Sep 19, 2020",38.582,40.556,42.55,,
"Sep 28, 2020",17.872,21.521,25.446,,
"Oct 7, 2020",24.76,28.451,32.475,,
"Oct 16, 2020",22.992,28.411,34.445,,
"Oct 25, 2020",31.565,35.677,40.12,,
"Nov 3, 2020",33.463,38.161,43.142,,
"Nov 12, 2020",30.428,34.397,38.452,,
"Nov 21, 2020",31.461,36.806,42.2,,
"Nov 30, 2020",43.677,49.862,56.907,,
"Dec 9, 2020",34.077,39.039,45.002,,
"Dec 18, 2020",32.533,37.252,43.466,,
"Dec 27, 2020",32.749,37.06,42.031,,
"Jan 5, 2021",36.495,43.822,57.604,,
"Jan 14, 2021",26.824,31.85,38.457,,
"Jan 23, 2021",34.292,38.5,43.813,,
"Feb 1, 2021",32.541,38.336,45.252,,
"Feb 10, 2021",26.342,31.1,36.32,,
"Feb 19, 2021",29.558,35.379,41.57,,
"Feb 28, 2021",30.78,36.551,42.353,,
"Mar 9, 2021",31.916,39.236,48.94,,
"Mar 18, 2021",34.436,39.849,45.581,,
"Mar 27, 2021",35.832,42.105,49.001,,
"Apr 5, 2021",30.746,36.698,42.496,,
"Apr 14, 2021",34.633,41.15,48.618,,
"Apr 23, 2021",37.367,43.327,49.885,,
"May 2, 2021",44.066,50.45,57.693,,
"May 11, 2021",36.519,43.237,51.986,,
"May 20, 2021",23.867,35.545,49.32,,
"May 29, 2021",29.043,36.752,44.528,,
"Jun 7, 2021",32.101,39.44,48.695,,
"Jun 16, 2021",43.409,43.481,43.554,,
"Jun 25, 2021",28.563,29.336,30.121,,
"Jul 4, 2021",42.997,44.241,45.481,,
"Jul 13, 2021",27.563,30.758,33.72,,
"Jul 22, 2021",33.058,35.479,38.755,,
"Jul 31, 2021",30.801,32.101,33.475,,
"Aug 9, 2021",36.714,38.72,40.875,,
"Aug 18, 2021",26.988,30.675,34.239,,
"Aug 27, 2021",23.971,26.365,28.897,,
"Sep 5, 2021",25.172,30.645,36.27,,
"Sep 14, 2021",26.38,32.63,39.785,,
"Sep 23, 2021",26.429,31.382,36.602,,
"Oct 2, 2021",28.69,33.67,38.802,,
"Oct 11, 2021",27.02,33.753,40.223,,
"Oct 20, 2021",33.441,41.129,51.588,,
"Oct 29, 2021",27.131,34.882,42.78,,
"Nov 7, 2021",32.26,38.911,46.863,,
"Nov 16, 2021",29.076,34.339,40.177,,
"Nov 25, 2021",33.018,42.299,51.501,,
"Dec 4, 2021",36.895,43.343,52.263,,
"Dec 13, 2021",34.885,40.464,46.357,,
"Dec 22, 2021",30.41,35.167,41.012,,
"Dec 31, 2021",32.996,34.339,35.682,,
"Jan 9, 2022",25.648,29.237,32.615,,
"Jan 18, 2022",21.626,27.715,37.19,,
"Jan 27, 2022",26.804,32.447,37.887,,
"Feb 5, 2022",25.701,30.843,37.237,,
"Feb 14, 2022",21.773,26.614,31.823,,
"Feb 23, 2022",27.602,35.008,44.032,,
"Mar 4, 2022",29.804,34.893,40.339,,
"Mar 13, 2022",34.073,41.096,49.676,,
"Mar 22, 2022",34.817,41.315,49.997,,
"Mar 31, 2022",37.973,45.232,53.412,,
"Apr 9, 2022",46.522,52.148,59.362,,
"Apr 18, 2022",42.235,47.686,53.902,,
"Apr 27, 2022",41.026,48.5,57.241,,
"May 6, 2022",41.546,51.169,73.631,,
"May 15, 2022",39.383,44.873,51.147,,
"May 24, 2022",35.311,41.841,50.612,,
"Jun 2, 2022",49.894,57.16,65.418,,
"Jun 11, 2022",49.064,55.232,62.552,,
"Jun 20, 2022",50.453,55.482,61.185,,
"Jun 29, 2022",41.952,42.149,42.345,,
"Jul 8, 2022",29.058,32.723,36.477,,
"Jul 17, 2022",31.421,34.804,38.465,,
"Jul 26, 2022",28.262,32.442,37.882,,
"Aug 4, 2022",27.793,30.368,33.346,,
"Aug 13, 2022",22.472,24.921,27.424,,
"Aug 22, 2022",29.679,32.005,34.385,,
"Aug 31, 2022",33.359,34.963,36.762,,
"Sep 9, 2022",24.084,27.066,30.063,,
"Sep 18, 2022",25.2,26.848,28.732,,
"Sep 27, 2022",23.95,29.05,34.936,,
"Oct 6, 2022",19.846,25.332,32.182,,
"Oct 15, 2022",21.739,27.127,32.122,,
"Oct 24, 2022",23.374,28.858,34.764,,
"Nov 2, 2022",26.535,31.797,37.648,,
"Nov 11, 2022",30.664,39.769,48.906,,
"Nov 20, 2022",36.734,42.223,48.716,,
"Nov 29, 2022",34.991,40.963,48.025,,
"Dec 8, 2022",38.613,45.008,52.68,,
"Dec 17, 2022",40.441,46.256,52.552,,
"Dec 26, 2022",39.213,45.633,55.451,,
"Jan 4, 2023",29.66,33.383,37.282,,
"Jan 13, 2023",36.305,42.586,51.975,,
"Jan 22, 2023",31.301,41.903,53.885,,
"Jan 31, 2023",33.142,39.652,48.07,,
"Feb 9, 2023",35.08,43.411,53.519,,
"Feb 18, 2023",30.101,38.433,47.618,,
"Feb 27, 2023",26.334,32.953,41.063,,
"Mar 8, 2023",29.226,34.811,40.379,,
"Mar 17, 2023",30.206,33.154,37.513,,
"Mar 26, 2023",28.468,35.362,43.392,,
"Apr 4, 2023",25.079,31.457,39.136,,
"Apr 13, 2023",37.099,44.196,50.885,,
"Apr 22, 2023",42.753,50.822,60.65,,
"May 1, 2023",42.189,51.288,73.175,,
"May 10, 2023",47.158,53.191,59.288,,
"May 19, 2023",36.894,45.94,54.455,,
"May 28, 2023",35.801,44.114,53.949,,
"Jun 6, 2023",35.309,51.047,59.471,,
"Jun 15, 2023",29.427,39.94,49.257,,
"Jun 24, 2023",43.982,53.885,64.63,,
"Jul 3, 2023",28.341,31.197,33.384,,
"Jul 12, 2023",30.663,35.222,39.815,,
"Jul 21, 2023",20.205,24.091,27.802,,
"Jul 30, 2023",19.835,23.474,27.424,,
"Aug 8, 2023",39.244,39.244,39.244,,
"Aug 17, 2023",19.134,24.39,29.333,,
"Aug 26, 2023",21.733,25.859,29.712,,
"Sep 4, 2023",26.323,31.96,42.736,,
"Sep 13, 2023",19.027,24.709,29.936,,
"Sep 22, 2023",22.563,25.82,28.891,,
"Oct 1, 2023",27.682,30.197,32.8,,
"Oct 10, 2023",28.386,34.413,41.044,,
"Oct 19, 2023",26.346,31.765,37.299,,
"Oct 28, 2023",26.143,32.061,40.453,,
"Nov 6, 2023",26.238,32.272,38.855,,
"Nov 15, 2023",29.663,35.105,40.542,,
"Nov 24, 2023",38.688,44.124,49.531,,
"Dec 3, 2023",38.404,46.553,65.073,,
"Dec 12, 2023",36.175,43.259,50.372,,
"Dec 21, 2023",37.747,44.17,51.298,,
"Dec 30, 2023",30.422,31.915,33.408,,
"Jan 8, 2024",31.887,40.069,54.516,,
"Jan 17, 2024",27.874,29.415,31.913,,
"Jan 26, 2024",21.85,26.743,33.898,,
"Feb 4, 2024",28.055,33.371,39.696,,
"Feb 13, 2024",28.387,35.367,40.933,,
"Feb 22, 2024",24.077,30.463,37.627,,
"Mar 2, 2024",22.138,29.005,35.633,,
"Mar 11, 2024",27.024,32.668,39.737,,
"Mar 20, 2024",22.148,27.358,32.804,,
"Mar 29, 2024",27.208,33.807,41.51,,
"Apr 7, 2024",32.801,40.559,49.397,,
"Apr 16, 2024",26.126,43.822,53.717,,
"Apr 25, 2024",33.914,40.882,49.341,,
"May 4, 2024",48.958,55.838,62.823,,
"May 13, 2024",46.283,52.683,60.323,,
"May 22, 2024",51.055,60.99,71.854,,
"May 31, 2024",53.331,64.574,75.878,,
"Jun 9, 2024",49.295,54.909,61.02,,
"Jun 18, 2024",55.208,59.842,65.404,,
"Jun 27, 2024",43.508,46.272,49.319,,
"Jul 6, 2024",28.845,29.334,29.778,,
"Jul 15, 2024",19.442,23.696,28.056,,
"Jul 24, 2024",20.764,25.078,28.825,,
"Aug 2, 2024",24.258,29.064,35.742,,
"Aug 11, 2024",26.997,27.899,29.019,,
"Aug 20, 2024",24.231,30.534,38.561,,
"Aug 29, 2024",20.881,24.457,28.062,,
"Sep 7, 2024",22.598,26.972,31.669,,
"Sep 16, 2024",25.267,31.034,39.994,,
"Sep 25, 2024",22.931,33.327,47.102,,
"Oct 4, 2024",24.496,28.398,32.175,,
"Oct 13, 2024",26.479,32.04,36.676,,
"Oct 22, 2024",22.65,27.658,34.623,,
"Oct 31, 2024",28.564,34.838,43.911,,
"Nov 9, 2024",33.247,34.955,37.491,,
"Nov 18, 2024",33.059,37.852,43.328,,
"Nov 27, 2024",36.542,40.499,45.418,,
"Dec 6, 2024",45.741,51.143,56.678,,
"Dec 15, 2024",40.049,45.607,51.495,,
"Dec 24, 2024",27.058,30.912,36.739,,
"Jan 2, 2025",29.868,30.102,30.335,,
"Jan 11, 2025",28.385,31.555,35.108,,
"Jan 20, 2025",32.963,38.359,44.422,,
"Jan 29, 2025",29.171,34.057,40.565,,
"Feb 7, 2025",29.754,36.661,45.028,,
"Feb 16, 2025",34.815,41.004,47.702,,
"Feb 25, 2025",32.103,37.043,42.015,,
"Mar 6, 2025",28.095,33.415,39.891,,
"Mar 15, 2025",30.981,37.717,46.567,,
"Mar 24, 2025",41.583,48.453,56.05,,
"Apr 2, 2025",29.011,36.025,43.226,,
"Apr 11, 2025",45.608,53.045,61.691,,
"Apr 20, 2025",38.578,46.971,60.754,,
"Apr 29, 2025",43.498,52.328,64.743,,
"May 8, 2025",47.41,58.683,73.517,,
"May 17, 2025",46.475,52.868,58.819,,
"May 26, 2025",35.23,37.877,40.821,,
"Jun 4, 2025",41.434,48.416,56.056,,
"Jun 13, 2025",35.088,41.085,47.201,,
"Jun 22, 2025",27.939,30.374,32.517,,
"Jul 1, 2025",28.856,32.455,35.923,,
"Jul 10, 2025",25.071,28.32,31.999,,
"Jul 19, 2025",24.322,27.887,31.94,,
"Jul 28, 2025",33.943,34.728,34.992,,
"Aug 6, 2025",29.437,30.975,31.693,,
"Aug 15, 2025",19.398,22.806,26.113,,
"Aug 24, 2025",19.036,21.552,24.01,,
"Sep 2, 2025",15.596,19.964,25.17,,
"Sep 11, 2025",23.961,24.976,26.051,,
"Sep 20, 2025",26.45,28.026,29.737,,
"Sep 29, 2025",23.24,28.243,33.883,,
"Oct 8, 2025",20.389,25.71,31.658,,
"Oct 17, 2025",27.857,32.512,37.46,,
"Oct 26, 2025",24.168,26.439,28.998,,
"Nov 4, 2025",29.648,34.981,42.52,,
"Nov 13, 2025",36.376,41.186,47.761,,
"Nov 22, 2025",28.541,33.2,39.299,,
"Dec 1, 2025",34.714,41.104,47.986,,
"Dec 10, 2025",38.479,44.283,52.587,,
"Dec 19, 2025",33.35,33.353,33.356,,
"Dec 28, 2025",26.499,30.975,35.568,,
"Jan 6, 2026",29.969,30.375,30.781,,
"Jan 15, 2026",26.643,31.094,38.185,,
"Jan 24, 2026",30.011,36.226,45.554,,
"Feb 2, 2026",21.604,28.007,36.341,,
"Feb 11, 2026",26.48,32.144,39.562,,
"Feb 20, 2026",38.562,44.667,52.705,,
"Mar 1, 2026",28.587,34.889,42.151,,
"Mar 10, 2026",30.523,37.467,48.596,,
"Mar 19, 2026",38.126,48.148,67.513,,
"Mar 28, 2026",38.729,48.665,57.287,,
"Apr 6, 2026",39.189,46.182,54.394,,
"Apr 15, 2026",47.048,53.462,61.211,,
"Apr 16, 2026",,,,,0
